target,site,JSD,JSD_min3bc,JSD_min5bc
E484K,331,0.012492,0.013309,0.010712
E484K,332,0.008429,0.007854,0.006125
E484K,333,0.050307,0.013544,0
E484K,334,0.013255,0.015251,0.020831
E484K,335,0.013636,0.004851,0.003307
E484K,336,0.019835,0.014523,0.015902
E484K,337,0.100898,0.009412,0.010068
E484K,338,0.007521,0.007521,0.007438
E484K,339,0.009818,0.004077,0.003289
E484K,340,0.005144,0.005144,0.005144
E484K,341,0.011107,0.009399,0.008511
E484K,342,0.009657,0.009657,0.009289
E484K,343,0.010415,0.010839,0.007237
E484K,344,0.006569,0.006569,0.006569
E484K,345,0.028384,0.010595,0.009018
E484K,346,0.003019,0.001212,0.001222
E484K,347,0.017124,0.017124,0.016096
E484K,348,0.009796,0.009796,0.009796
E484K,349,0.02406,0.025834,0.025834
E484K,350,0.010573,0.008576,0.006091
E484K,351,0.035031,0.035031,0.035031
E484K,352,0.002191,0.002191,0.002191
E484K,353,0.069848,0.069848,0.025462
E484K,354,0.013723,0.013093,0.003575
E484K,355,0.012649,0.012649,0.011301
E484K,356,0.00573,0.00573,0.00573
E484K,357,0.005567,0.005567,0.005567
E484K,358,0.007915,0.007915,0.007915
E484K,359,0.003261,0.003261,0.003261
E484K,360,0.00277,0.00277,0.00277
E484K,361,0.025131,0.02769,0.017705
E484K,362,0.016681,0.004561,0.003941
E484K,363,0.009087,0.009202,0.009987
E484K,364,0.00709,0.00709,0.00709
E484K,365,0.007663,0.007663,0.007663
E484K,366,0.002986,0.002986,0.002986
E484K,367,0.004351,0.002688,0.002872
E484K,368,0.007148,0.007148,0.007148
E484K,369,0.005708,0.003006,0.002912
E484K,370,0.010036,0.010555,0.007916
E484K,371,0.002792,0.002792,0.002655
E484K,372,0.00274,0.00274,0.00274
E484K,373,0.004372,0.004372,0.004372
E484K,374,0.008096,0.007469,0.006217
E484K,375,0.010314,0.010314,0.010314
E484K,376,0.005829,0.005829,0.005829
E484K,377,0.006628,0.007251,0.007842
E484K,378,0.004831,0.004831,0.004712
E484K,379,0.010156,0.010156,0.010154
E484K,380,0.003975,0.003975,0.003975
E484K,381,0.006768,0.006768,0.006742
E484K,382,0.005391,0.005391,0.005391
E484K,383,0.007233,0.007505,0.009829
E484K,384,0.006283,0.006156,0.006415
E484K,385,0.011766,0.011766,0.012265
E484K,386,0.004307,0.004307,0.004903
E484K,387,0.012842,0.010282,0.010557
E484K,388,0.007271,0.005631,0.004328
E484K,389,0.006928,0.006928,0.004633
E484K,390,0.004505,0.004505,0.004505
E484K,391,0.004323,0.004287,0.004888
E484K,392,0.005949,0.005949,0.005949
E484K,393,0.003308,0.003308,0.003308
E484K,394,0.003456,0.003456,0.003314
E484K,395,0.005737,0.005617,0.005617
E484K,396,0.004737,0.004737,0.004737
E484K,397,0.007658,0.008215,0.007893
E484K,398,0.003307,0.003307,0.003307
E484K,399,0.008031,0.008031,0.007965
E484K,400,0.006821,0.006821,0.006821
E484K,401,0.014104,0.014104,0.014104
E484K,402,0.018569,0.017782,0.017768
E484K,403,0.006954,0.006495,0.006333
E484K,404,0.006447,0.006447,0.006447
E484K,405,0.006686,0.006686,0.006686
E484K,406,0.02535,0.024649,0.024649
E484K,407,0.004189,0.0041,0.004034
E484K,408,0.005871,0.005871,0.00647
E484K,409,0.009909,0.009909,0.009909
E484K,410,0.002377,0.002377,0.002316
E484K,411,0.017319,0.017319,0.008213
E484K,412,0.01324,0.008229,0.005202
E484K,413,0.004051,0.004051,0.004051
E484K,414,0.005202,0.005202,0.005202
E484K,415,0.010652,0.006318,0.006586
E484K,416,0.029514,0.00527,0.005185
E484K,417,0.009817,0.010261,0.010992
E484K,418,0.011398,0.009797,0.006971
E484K,419,0.03542,0.033476,0.030369
E484K,420,0.014497,0.007702,0.0036
E484K,421,0.012749,0.012651,0.013292
E484K,422,0.013963,0.013724,0.013724
E484K,423,0.003923,0.003877,0.003561
E484K,424,0.018015,0.018015,0.018015
E484K,425,0.067287,0.011499,0.011626
E484K,426,0.031896,0.020914,0.020914
E484K,427,0.006641,0.006641,0.007115
E484K,428,0.017717,0.003897,0.003897
E484K,429,0.042308,0.001757,0.001002
E484K,430,0.007981,0.007981,0.008068
E484K,431,0.004985,0.004896,0.004896
E484K,432,0.01406,0.012731,0.012666
E484K,433,0.018808,0.018665,0.018665
E484K,434,0.004058,0.004058,0.004675
E484K,435,0.012287,0.012194,0.012194
E484K,436,0.016499,0.016499,0.016499
E484K,437,0.038475,0.038475,0.038475
E484K,438,0.041729,0.033896,0.00732
E484K,439,0.003394,0.003394,0.003037
E484K,440,0.032939,0.004331,0.003565
E484K,441,0.010792,0.004012,0.004012
E484K,442,0.016226,0.016226,0.016226
E484K,443,0.00192,0.00192,0.00192
E484K,444,0.003114,0.003114,0.003114
E484K,445,0.002643,0.002643,0.002643
E484K,446,0.016237,0.008857,0.008857
E484K,447,0.002373,0.002392,0.002392
E484K,448,0.047473,0.047406,0.048709
E484K,449,0.014013,0.014013,0.014013
E484K,450,0.007044,0.007044,0.007044
E484K,451,0.010546,0.010546,0.010546
E484K,452,0.013028,0.013028,0.013028
E484K,453,0.00463,0.00463,0.00463
E484K,454,0.002736,0.002723,0.002723
E484K,455,0.011561,0.008196,0.008196
E484K,456,0.028244,0.028246,0.028299
E484K,457,0.026285,0.026285,0.026285
E484K,458,0.004075,0.004075,0.004075
E484K,459,0.006022,0.003851,0.003851
E484K,460,0.008129,0.004923,0.004923
E484K,461,0.024325,0.024325,0.024325
E484K,462,0.007147,0.007147,0.00769
E484K,463,0.023182,0.023182,0.023182
E484K,464,0.018687,0.016171,0.026406
E484K,465,0.013513,0.013513,0.013513
E484K,466,0.017091,0.017091,0.017091
E484K,467,0.048464,0.024274,0.024147
E484K,468,0.016692,0.017157,0.017157
E484K,469,0.008318,0.008318,0.008318
E484K,470,0.021879,0.021879,0.021879
E484K,471,0.008835,0.009159,0.009159
E484K,472,0.018588,0.018588,0.018588
E484K,473,0.011313,0.011313,0.011313
E484K,474,0.009151,0.009151,0.009151
E484K,475,0.011633,0.010646,0.010646
E484K,476,0.011669,0.011669,0.011669
E484K,477,0.00386,0.003265,0.003265
E484K,478,0.00553,0.005379,0.005379
E484K,479,0.003921,0.00401,0.00401
E484K,480,0.000373,7e-05,7e-05
E484K,481,0.005942,0.005942,0.005942
E484K,482,0.008963,0.008963,0.008963
E484K,483,0.014374,0.014888,0.014888
E484K,484,0.003776,0.003776,0.003776
E484K,485,0.036353,0.036587,0.036587
E484K,486,0.013963,0.013963,0.013963
E484K,487,0.004124,0.004124,0.004124
E484K,488,0.00169,0.001658,0.001437
E484K,489,0.006107,0.006107,0.006107
E484K,490,0.016076,0.016076,0.016076
E484K,491,0.09133,0.091402,0.091402
E484K,492,0.053093,0.052996,0.052996
E484K,493,0.030351,0.030063,0.030063
E484K,494,0.013663,0.013663,0.013663
E484K,495,0.042862,0.031925,0.031925
E484K,496,0.00674,0.006684,0.006685
E484K,497,0.032252,0.032252,0.032252
E484K,498,0.0028,0.0028,0.0028
E484K,499,0.009012,0.009012,0.009012
E484K,500,0.015285,0.015285,0.015285
E484K,501,0.006857,0.006857,0.006857
E484K,502,0.000217,0.000217,0.000217
E484K,503,0.004423,0.004423,0.004423
E484K,504,0.013457,0.01432,0.01432
E484K,505,0.008478,0.007431,0.007431
E484K,506,0.010583,0.010583,0.010583
E484K,507,0.019697,0.005512,0.005512
E484K,508,0.013588,0.013588,0.013588
E484K,509,0.032161,0.032114,0.032114
E484K,510,0.111425,0.002938,0.002938
E484K,511,0.022558,0.022558,0.022558
E484K,512,0.009917,0.004555,0.003097
E484K,513,0.006582,0.006437,0.006237
E484K,514,0.005309,0.005672,0.005672
E484K,515,0.028318,0.028318,0.026106
E484K,516,0.006643,0.006885,0.006885
E484K,517,0.002869,0.002869,0.002869
E484K,518,0.005713,0.005713,0.006156
E484K,519,0.010655,0.010655,0.010655
E484K,520,0.011723,0.011564,0.006591
E484K,521,0.040954,0.024486,0.002082
E484K,522,0.013035,0.005204,0.003687
E484K,523,0.003035,0.003413,0.003155
E484K,524,0.020646,0.010582,0.012596
E484K,525,0.002026,0.002026,0.002026
E484K,526,0.006758,0.006092,0.006092
E484K,527,0.006765,0.006897,0.006648
E484K,528,0.005541,0.005541,0.005541
E484K,529,0.009406,0.005854,0.003711
E484K,530,0.016599,0.011047,0.010492
E484K,531,0.026255,0.004111,0.004111
N501Y,331,0.061469,0.025103,0.002952
N501Y,332,0.007132,0.000225,0.000225
N501Y,333,0.023594,0.005205,0.005205
N501Y,334,0.010417,0.010257,0
N501Y,335,0.003853,0.003853,0.003853
N501Y,336,0.008512,0.008512,0.006488
N501Y,337,0.005127,0.005127,0.005127
N501Y,338,0.013824,0.013824,0.013942
N501Y,339,0.01427,0.00571,0.004064
N501Y,340,0.007576,0.006319,0.006267
N501Y,341,0.01711,0.018787,0.018787
N501Y,342,0.035514,0.033846,0.037381
N501Y,343,0.00774,0.00774,0.00774
N501Y,344,0.008423,0.008423,0.008423
N501Y,345,0.010309,0.010309,0.010309
N501Y,346,0.008048,0.007904,0.009065
N501Y,347,0.020641,0.020641,0.019319
N501Y,348,0.011807,0.004644,0.002942
N501Y,349,0.030824,0.033426,0.033426
N501Y,350,0.037043,0.009291,0.008705
N501Y,351,0.017123,0.017123,0.017123
N501Y,352,0.004895,0.004895,0.004895
N501Y,353,0.01445,0.01445,0.01445
N501Y,354,0.007712,0.006344,0.006509
N501Y,355,0.056155,0.05605,0.05605
N501Y,356,0.00899,0.003844,0.004454
N501Y,357,0.005599,0.005599,0.005599
N501Y,358,0.013707,0.013999,0.016408
N501Y,359,0.001677,0.001677,0.001677
N501Y,360,0.003091,0.003091,0.003091
N501Y,361,0.008783,0.008783,0.008783
N501Y,362,0.00288,0.00288,0.00288
N501Y,363,0.014584,0.003745,0.004236
N501Y,364,0.013751,0.008803,0.012945
N501Y,365,0.004771,0.004771,0.004771
N501Y,366,0.015719,0.011521,0.012135
N501Y,367,0.001655,0.001655,0.001655
N501Y,368,0.015598,0.015598,0.015598
N501Y,369,0.001929,0.001929,0.001929
N501Y,370,0.005328,0.005328,0.005328
N501Y,371,0.00299,0.00299,0.00299
N501Y,372,0.026286,0.019237,0.004132
N501Y,373,0.003088,0.003088,0.003088
N501Y,374,0.010564,0.006116,0.006287
N501Y,375,0.003278,0.003278,0.003278
N501Y,376,0.006943,0.006943,0.006943
N501Y,377,0.011491,0.011491,0.011491
N501Y,378,0.00237,0.00237,0.00237
N501Y,379,0.027125,0.027054,0.026937
N501Y,380,0.042047,0.042047,0.042033
N501Y,381,0.0085,0.0085,0.0085
N501Y,382,0.012189,0.012189,0.012189
N501Y,383,0.002713,0.002713,0.002713
N501Y,384,0.003761,0.003761,0.003761
N501Y,385,0.001763,0.001763,0.001763
N501Y,386,0.003121,0.003121,0.003121
N501Y,387,0.007798,0.006521,0.006521
N501Y,388,0.003785,0.003785,0.003837
N501Y,389,0.004387,0.004387,0.004387
N501Y,390,0.003144,0.003144,0.003144
N501Y,391,0.001474,0.001474,0.001474
N501Y,392,0.004515,0.004515,0.004515
N501Y,393,0.004332,0.004332,0.004332
N501Y,394,0.001787,0.001787,0.001787
N501Y,395,0.013017,0.013481,0.006887
N501Y,396,0.007799,0.007799,0.007799
N501Y,397,0.009763,0.009763,0.009763
N501Y,398,0.018963,0.018963,0.018963
N501Y,399,0.01865,0.01865,0.01865
N501Y,400,0.010382,0.010382,0.010382
N501Y,401,0.023969,0.023969,0.023969
N501Y,402,0.010094,0.010094,0.010094
N501Y,403,0.274384,0.268364,0.264177
N501Y,404,0.033,0.033,0.033925
N501Y,405,0.045789,0.045789,0.045789
N501Y,406,0.090418,0.077987,0.077987
N501Y,407,0.012533,0.012533,0.012533
N501Y,408,0.00762,0.00762,0.00762
N501Y,409,0.020545,0.020545,0.020545
N501Y,410,0.010024,0.010024,0.010024
N501Y,411,0.010177,0.010177,0.010177
N501Y,412,0.0362,0.0362,0.036109
N501Y,413,0.006441,0.006441,0.006441
N501Y,414,0.012494,0.012606,0.011471
N501Y,415,0.006239,0.006239,0.006239
N501Y,416,0.021979,0.021979,0.021979
N501Y,417,0.013862,0.013862,0.014035
N501Y,418,0.027022,0.027022,0.027022
N501Y,419,0.020043,0.01675,0.017248
N501Y,420,0.007421,0.007421,0.004496
N501Y,421,0.013529,0.013529,0.011978
N501Y,422,0.057423,0.001148,0.000134
N501Y,423,0.010192,0.009813,0.009107
N501Y,424,0.017857,0.017857,0.017857
N501Y,425,0.038861,0.009244,0.008283
N501Y,426,0.034044,0.01208,0.00763
N501Y,427,0.007888,0.007058,0.006699
N501Y,428,0.014188,0.003524,0.003524
N501Y,429,0.033154,0.028739,0.000568
N501Y,430,0.018703,0.015169,0.00288
N501Y,431,0.003604,0.003187,0.003187
N501Y,432,0.024834,0.017021,0.017021
N501Y,433,0.025197,0.015212,0.015212
N501Y,434,0.007533,0.007533,0.007446
N501Y,435,0.019009,0.018955,0.016061
N501Y,436,0.048829,0.049367,0.037539
N501Y,437,0.02621,0.02621,0.019026
N501Y,438,0.029972,0.019564,0.019564
N501Y,439,0.061289,0.061289,0.061289
N501Y,440,0.004679,0.004679,0.005213
N501Y,441,0.010324,0.003691,0.003691
N501Y,442,0.052344,0.052339,0.008143
N501Y,443,0.008399,0.00838,0.008175
N501Y,444,0.017872,0.017872,0.017872
N501Y,445,0.025229,0.025229,0.025229
N501Y,446,0.091769,0.098343,0.098343
N501Y,447,0.137535,0.114352,0.114352
N501Y,448,0.044411,0.044411,0.044411
N501Y,449,0.281511,0.281511,0.281511
N501Y,450,0.013812,0.013812,0.013594
N501Y,451,0.027503,0.027503,0.027503
N501Y,452,0.042897,0.042897,0.042897
N501Y,453,0.015892,0.015892,0.015892
N501Y,454,0.008079,0.00445,0.00445
N501Y,455,0.025569,0.023929,0.023929
N501Y,456,0.010104,0.010083,0.010083
N501Y,457,0.015269,0.015269,0.015269
N501Y,458,0.007579,0.007579,0.007231
N501Y,459,0.021075,0.011379,0.011379
N501Y,460,0.019226,0.008073,0.008073
N501Y,461,0.010284,0.010284,0.010284
N501Y,462,0.004576,0.004576,0.004576
N501Y,463,0.012742,0.006658,0.007066
N501Y,464,0.011142,0.005775,0.005396
N501Y,465,0.005332,0.005332,0.005332
N501Y,466,0.01034,0.01034,0.011766
N501Y,467,0.020412,0.019795,0.019795
N501Y,468,0.016584,0.017424,0.016498
N501Y,469,0.003974,0.003974,0.003974
N501Y,470,0.010094,0.010094,0.010065
N501Y,471,0.015408,0.014419,0.013045
N501Y,472,0.013415,0.013415,0.013415
N501Y,473,0.006836,0.006836,0.006836
N501Y,474,0.010711,0.010711,0.010711
N501Y,475,0.019582,0.010453,0.010453
N501Y,476,0.015665,0.015238,0.015238
N501Y,477,0.00708,0.006989,0.006989
N501Y,478,0.004182,0.004349,0.004349
N501Y,479,0.011022,0.005973,0.002523
N501Y,480,0.001214,0.000241,0.000241
N501Y,481,0.005486,0.005486,0.005486
N501Y,482,0.004853,0.004853,0.004853
N501Y,483,0.018165,0.018788,0.018412
N501Y,484,0.005051,0.005051,0.005051
N501Y,485,0.016182,0.009581,0.009581
N501Y,486,0.018271,0.018271,0.018271
N501Y,487,0.017942,0.017209,0.014924
N501Y,488,0.003402,0.002521,0.002521
N501Y,489,0.011499,0.011499,0.011499
N501Y,490,0.007238,0.007238,0.007238
N501Y,491,0.086264,0.08632,0.089019
N501Y,492,0.056715,0.056589,0.056589
N501Y,493,0.059509,0.036485,0.02465
N501Y,494,0.165004,0.165004,0.173983
N501Y,495,0.14445,0.131841,0.127673
N501Y,496,0.140887,0.140887,0.140887
N501Y,497,0.020071,0.020071,0.020071
N501Y,498,0.480134,0.480134,0.482904
N501Y,499,0.07557,0.071874,0.078011
N501Y,500,0.064761,0.064761,0.064761
N501Y,501,0.002523,0.002523,0.002523
N501Y,502,0.001291,0.001291,0.001291
N501Y,503,0.02417,0.02417,0.02417
N501Y,504,0.022092,0.022908,0.023956
N501Y,505,0.150475,0.150478,0.150477
N501Y,506,0.099867,0.099867,0.099867
N501Y,507,0.023087,0.001382,4.9e-05
N501Y,508,0.065279,0.052555,0.018384
N501Y,509,0.011122,0.010091,0.010091
N501Y,510,0.114807,0.00823,0.00823
N501Y,511,0.048876,0.008457,0.003042
N501Y,512,0.018821,0.012951,0.012951
N501Y,513,0.014961,0.016362,0.016362
N501Y,514,0.010824,0.01159,0.008667
N501Y,515,0.026583,0.021065,0.012886
N501Y,516,0.011936,0.007656,0.007516
N501Y,517,0.011209,0.011519,0.010828
N501Y,518,0.01315,0.013726,0.009242
N501Y,519,0.009311,0.009311,0.009817
N501Y,520,0.007935,0.007935,0.007935
N501Y,521,0.011526,0.012718,0.009977
N501Y,522,0.02038,0.008982,0.000891
N501Y,523,0.027438,0.007126,0.001026
N501Y,524,0.015251,0.017962,0.017962
N501Y,525,0.002626,0.002626,0.002626
N501Y,526,0.004981,0.003739,0.003739
N501Y,527,0.005388,0.006021,0.00513
N501Y,528,0.004522,0.004522,0.004814
N501Y,529,0.009693,0.003312,0.000847
N501Y,530,0.018125,0.010302,0.003617
N501Y,531,0.075138,0.003316,0
Beta,331,0.006084,0.005549,0.005549
Beta,332,0.003428,0.003428,0.003428
Beta,333,0.023462,0.005802,0.005802
Beta,334,0.008255,0.008255,0.008003
Beta,335,0.003839,0.003839,0.003839
Beta,336,0.021472,0.006422,0.005537
Beta,337,0.00706,0.00706,0.00706
Beta,338,0.003591,0.003591,0.003591
Beta,339,0.009555,0.009107,0.009107
Beta,340,0.004034,0.004034,0.004034
Beta,341,0.046495,0.053831,0.021466
Beta,342,0.005507,0.005507,0.005507
Beta,343,0.007063,0.007063,0.007063
Beta,344,0.006857,0.006857,0.006857
Beta,345,0.0053,0.0053,0.0053
Beta,346,0.003425,0.003425,0.003425
Beta,347,0.010604,0.010604,0.010604
Beta,348,0.008845,0.008845,0.009157
Beta,349,0.018003,0.019424,0.019424
Beta,350,0.01483,0.01483,0.014811
Beta,351,0.028267,0.028267,0.028267
Beta,352,0.006562,0.006562,0.006562
Beta,353,0.058714,0.058714,0.058714
Beta,354,0.004055,0.004055,0.004055
Beta,355,0.022036,0.022036,0.022036
Beta,356,0.00366,0.00366,0.00366
Beta,357,0.004939,0.004939,0.004939
Beta,358,0.004921,0.004921,0.004921
Beta,359,0.008344,0.007609,0.007819
Beta,360,0.004655,0.004655,0.004655
Beta,361,0.009159,0.009159,0.009159
Beta,362,0.003088,0.003088,0.003088
Beta,363,0.005235,0.006022,0.005995
Beta,364,0.008176,0.008176,0.008176
Beta,365,0.005919,0.005919,0.005919
Beta,366,0.004718,0.004718,0.004718
Beta,367,0.00213,0.00213,0.00213
Beta,368,0.005333,0.005333,0.005906
Beta,369,0.003483,0.003483,0.003483
Beta,370,0.004178,0.004178,0.004178
Beta,371,0.002023,0.002023,0.002023
Beta,372,0.002659,0.002659,0.002659
Beta,373,0.003182,0.003182,0.003182
Beta,374,0.001746,0.001746,0.001746
Beta,375,0.007877,0.007877,0.007877
Beta,376,0.003124,0.003124,0.003124
Beta,377,0.007645,0.007645,0.007645
Beta,378,0.003676,0.003676,0.003676
Beta,379,0.00932,0.00932,0.00932
Beta,380,0.004751,0.004751,0.004751
Beta,381,0.006689,0.006689,0.006689
Beta,382,0.006894,0.006894,0.006894
Beta,383,0.001758,0.001758,0.001758
Beta,384,0.004142,0.004142,0.004142
Beta,385,0.002341,0.002341,0.002341
Beta,386,0.002689,0.002689,0.002689
Beta,387,0.007853,0.007853,0.007853
Beta,388,0.003751,0.003751,0.003751
Beta,389,0.004455,0.004455,0.004455
Beta,390,0.004162,0.004162,0.004162
Beta,391,0.00303,0.00303,0.00303
Beta,392,0.004682,0.004682,0.004682
Beta,393,0.003665,0.003665,0.003665
Beta,394,0.004065,0.004065,0.004065
Beta,395,0.004479,0.004479,0.004479
Beta,396,0.003398,0.003398,0.003398
Beta,397,0.011694,0.011694,0.011694
Beta,398,0.014911,0.014911,0.014911
Beta,399,0.011457,0.011457,0.011457
Beta,400,0.015063,0.015063,0.015063
Beta,401,0.028122,0.028122,0.028122
Beta,402,0.012035,0.012035,0.012035
Beta,403,0.286646,0.286646,0.286646
Beta,404,0.047113,0.047113,0.047113
Beta,405,0.039283,0.039283,0.039283
Beta,406,0.096055,0.096055,0.096055
Beta,407,0.008221,0.008221,0.008221
Beta,408,0.009301,0.009301,0.009301
Beta,409,0.014705,0.014705,0.014705
Beta,410,0.004407,0.004407,0.004407
Beta,411,0.013905,0.013905,0.013905
Beta,412,0.006264,0.006264,0.006247
Beta,413,0.005864,0.005864,0.005864
Beta,414,0.009275,0.009275,0.009275
Beta,415,0.020716,0.020716,0.020716
Beta,416,0.003903,0.003903,0.003903
Beta,417,0.029612,0.029612,0.029612
Beta,418,0.013914,0.013914,0.013914
Beta,419,0.136478,0.134312,0.134312
Beta,420,0.007893,0.006193,0.00449
Beta,421,0.021019,0.021019,0.021019
Beta,422,0.010434,0.006716,0.002435
Beta,423,0.003583,0.003583,0.003583
Beta,424,0.019804,0.019748,0.01957
Beta,425,0.040951,0.01031,0.010019
Beta,426,0.025913,0.015642,0.014585
Beta,427,0.005118,0.005118,0.005118
Beta,428,0.015341,0.003818,0.003818
Beta,429,0.022778,0.023363,0.023363
Beta,430,0.007387,0.007387,0.007387
Beta,431,0.002574,0.002237,0.002237
Beta,432,0.012784,0.005791,0.005791
Beta,433,0.02024,0.018703,0.018703
Beta,434,0.010763,0.010763,0.010763
Beta,435,0.007151,0.007024,0.007024
Beta,436,0.014065,0.014065,0.014065
Beta,437,0.032515,0.032515,0.032515
Beta,438,0.035941,0.025501,0.025501
Beta,439,0.042994,0.042994,0.042994
Beta,440,0.003876,0.003876,0.003876
Beta,441,0.008071,0.005513,0.005513
Beta,442,0.075609,0.075609,0.075609
Beta,443,0.007452,0.007452,0.007452
Beta,444,0.008501,0.008501,0.008501
Beta,445,0.01574,0.01574,0.01574
Beta,446,0.077868,0.08324,0.08324
Beta,447,0.170618,0.165963,0.165963
Beta,448,0.060071,0.060071,0.060071
Beta,449,0.329355,0.329355,0.329355
Beta,450,0.012844,0.012844,0.012338
Beta,451,0.022429,0.022429,0.022429
Beta,452,0.034133,0.034133,0.034133
Beta,453,0.081041,0.081041,0.081041
Beta,454,0.00189,0.001854,0.001854
Beta,455,0.068843,0.067159,0.067159
Beta,456,0.028997,0.028991,0.028991
Beta,457,0.026142,0.025376,0.024863
Beta,458,0.008356,0.008356,0.008356
Beta,459,0.024049,0.009794,0.002699
Beta,460,0.006634,0.005283,0.005283
Beta,461,0.019559,0.019559,0.019559
Beta,462,0.006393,0.006393,0.006726
Beta,463,0.028198,0.028198,0.028198
Beta,464,0.021288,0.015567,0.015567
Beta,465,0.01445,0.01445,0.01445
Beta,466,0.013432,0.013373,0.013373
Beta,467,0.042224,0.02387,0.02387
Beta,468,0.022089,0.024313,0.022381
Beta,469,0.01325,0.01325,0.01325
Beta,470,0.01997,0.01997,0.01997
Beta,471,0.010078,0.01047,0.01047
Beta,472,0.024681,0.024681,0.024681
Beta,473,0.009605,0.009605,0.009605
Beta,474,0.021418,0.021418,0.021418
Beta,475,0.03215,0.033096,0.033096
Beta,476,0.023638,0.023647,0.023647
Beta,477,0.005784,0.005923,0.005923
Beta,478,0.005861,0.005666,0.005666
Beta,479,0.006194,0.00643,0.00643
Beta,480,0.000684,8.1e-05,8.1e-05
Beta,481,0.006504,0.006504,0.006504
Beta,482,0.013121,0.013121,0.013121
Beta,483,0.025591,0.013499,0.016577
Beta,484,0.006762,0.006762,0.006673
Beta,485,0.035779,0.035716,0.035716
Beta,486,0.012842,0.012842,0.012842
Beta,487,0.005546,0.005546,0.005546
Beta,488,0.002079,0.00133,0.00133
Beta,489,0.027545,0.027545,0.027545
Beta,490,0.024104,0.024104,0.024104
Beta,491,0.150485,0.150538,0.150538
Beta,492,0.12207,0.121937,0.121937
Beta,493,0.142909,0.143713,0.143713
Beta,494,0.159628,0.159628,0.159628
Beta,495,0.099282,0.081219,0.081219
Beta,496,0.166065,0.166065,0.166065
Beta,497,0.047147,0.011752,0.008058
Beta,498,0.484779,0.484779,0.484779
Beta,499,0.05476,0.05476,0.05735
Beta,500,0.061052,0.061052,0.061052
Beta,501,0.018885,0.018885,0.018885
Beta,502,0.000616,0.000616,0.000616
Beta,503,0.039197,0.037705,0.037705
Beta,504,0.016055,0.016947,0.016947
Beta,505,0.091708,0.091713,0.091713
Beta,506,0.112102,0.112078,0.111644
Beta,507,0.025603,0.026584,0.026584
Beta,508,0.044824,0.044824,0.044824
Beta,509,0.042711,0.042045,0.042045
Beta,510,0.111313,0.003377,0.003377
Beta,511,0.009067,0.009067,0.009067
Beta,512,0.00903,0.003909,0.003909
Beta,513,0.004299,0.004557,0.004557
Beta,514,0.007142,0.007634,0.007634
Beta,515,0.014117,0.014117,0.014117
Beta,516,0.013734,0.014507,0.014507
Beta,517,0.004912,0.004912,0.004912
Beta,518,0.007012,0.007012,0.006649
Beta,519,0.010014,0.010014,0.010014
Beta,520,0.003625,0.003625,0.003625
Beta,521,0.007557,0.007889,0.007889
Beta,522,0.006203,0.006296,0.004149
Beta,523,0.011709,0.005163,0.004986
Beta,524,0.016178,0.012893,0.012893
Beta,525,0.003131,0.003131,0.003131
Beta,526,0.018475,0.018899,0.00375
Beta,527,0.00506,0.005157,0.005327
Beta,528,0.00253,0.00253,0.00253
Beta,529,0.003177,0.002743,0.002998
Beta,530,0.026134,0.015442,0.016031
Beta,531,0.014071,0.017138,0.017138
Delta,331,0.004773,0.004591,0.004591
Delta,332,0.002207,0.002207,0.002207
Delta,333,0.02181,0.005038,0.005038
Delta,334,0.007685,0.007685,0.007685
Delta,335,0.001618,0.001618,0.001618
Delta,336,0.010047,0.010047,0.010047
Delta,337,0.005479,0.005479,0.005479
Delta,338,0.042443,0.042443,0.042443
Delta,339,0.007619,0.00712,0.00712
Delta,340,0.005164,0.005164,0.005164
Delta,341,0.05224,0.041324,0.041324
Delta,342,0.045022,0.045022,0.045022
Delta,343,0.009813,0.009813,0.009813
Delta,344,0.013013,0.013013,0.013013
Delta,345,0.003273,0.003273,0.003273
Delta,346,0.002952,0.002952,0.002952
Delta,347,0.040156,0.040156,0.040156
Delta,348,0.006156,0.00616,0.00616
Delta,349,0.029692,0.031793,0.031793
Delta,350,0.015302,0.015302,0.015302
Delta,351,0.013257,0.013257,0.013257
Delta,352,0.006318,0.006318,0.006318
Delta,353,0.017542,0.017542,0.015558
Delta,354,0.007184,0.007184,0.007184
Delta,355,0.054324,0.054324,0.054324
Delta,356,0.008027,0.008027,0.008027
Delta,357,0.0029,0.0029,0.0029
Delta,358,0.037566,0.037566,0.037566
Delta,359,0.004453,0.004453,0.004453
Delta,360,0.005089,0.005089,0.005089
Delta,361,0.014382,0.014382,0.014382
Delta,362,0.003949,0.003949,0.003949
Delta,363,0.006143,0.006143,0.006143
Delta,364,0.012223,0.012223,0.012223
Delta,365,0.006806,0.006806,0.006806
Delta,366,0.003981,0.003981,0.003981
Delta,367,0.003322,0.003322,0.003322
Delta,368,0.040367,0.040367,0.040367
Delta,369,0.003072,0.003072,0.003072
Delta,370,0.003884,0.003884,0.003884
Delta,371,0.002124,0.002124,0.002124
Delta,372,0.001877,0.001877,0.001877
Delta,373,0.002008,0.002008,0.002008
Delta,374,0.004986,0.004986,0.004986
Delta,375,0.003174,0.003174,0.003174
Delta,376,0.007116,0.007116,0.007116
Delta,377,0.021394,0.021394,0.021394
Delta,378,0.004303,0.004303,0.004303
Delta,379,0.092698,0.092698,0.092698
Delta,380,0.088261,0.088261,0.088261
Delta,381,0.022168,0.022168,0.022168
Delta,382,0.006098,0.006098,0.006098
Delta,383,0.002696,0.002696,0.002696
Delta,384,0.005066,0.005066,0.005066
Delta,385,0.001361,0.001361,0.001361
Delta,386,0.002903,0.002903,0.002903
Delta,387,0.005172,0.005172,0.005172
Delta,388,0.002216,0.002216,0.002216
Delta,389,0.003101,0.003101,0.003101
Delta,390,0.005287,0.005287,0.005287
Delta,391,0.001595,0.001595,0.001595
Delta,392,0.002836,0.002836,0.002836
Delta,393,0.001681,0.001681,0.001681
Delta,394,0.002002,0.002002,0.002002
Delta,395,0.018359,0.018359,0.018359
Delta,396,0.006245,0.006245,0.006245
Delta,397,0.02249,0.02249,0.02249
Delta,398,0.07249,0.07249,0.07249
Delta,399,0.042952,0.042952,0.042952
Delta,400,0.059955,0.059955,0.059955
Delta,401,0.009727,0.009727,0.009727
Delta,402,0.015022,0.015022,0.015022
Delta,403,0.01976,0.01976,0.01976
Delta,404,0.043859,0.043859,0.043859
Delta,405,0.006248,0.006248,0.006248
Delta,406,0.042028,0.042028,0.042028
Delta,407,0.039705,0.039705,0.039705
Delta,408,0.000851,0.000851,0.000851
Delta,409,0.02962,0.02962,0.02962
Delta,410,0.024177,0.024177,0.024177
Delta,411,0.013129,0.013129,0.013129
Delta,412,0.107568,0.107568,0.107568
Delta,413,0.003417,0.003417,0.003417
Delta,414,0.009756,0.009756,0.009756
Delta,415,0.010604,0.010604,0.010604
Delta,416,0.045771,0.045771,0.045771
Delta,417,0.00937,0.00937,0.00937
Delta,418,0.037319,0.037319,0.037319
Delta,419,0.026347,0.022014,0.022014
Delta,420,0.007481,0.007481,0.007481
Delta,421,0.01002,0.01002,0.01002
Delta,422,0.030163,0.030163,0.030163
Delta,423,0.012776,0.012776,0.012776
Delta,424,0.01852,0.01852,0.01852
Delta,425,0.048136,0.013224,0.013224
Delta,426,0.041171,0.024877,0.024877
Delta,427,0.004025,0.004025,0.004025
Delta,428,0.015836,0.003058,0.003058
Delta,429,0.052349,0.054991,0.054991
Delta,430,0.007542,0.007542,0.007542
Delta,431,0.004372,0.004164,0.004164
Delta,432,0.050601,0.043102,0.043102
Delta,433,0.041747,0.024971,0.024971
Delta,434,0.012808,0.012808,0.012808
Delta,435,0.027517,0.027478,0.027478
Delta,436,0.04441,0.04441,0.04441
Delta,437,0.027369,0.027369,0.027369
Delta,438,0.022762,0.014362,0.014362
Delta,439,0.010296,0.010296,0.010296
Delta,440,0.005445,0.005445,0.005445
Delta,441,0.009694,0.006639,0.00691
Delta,442,0.034033,0.034033,0.034033
Delta,443,0.007757,0.007757,0.007757
Delta,444,0.00501,0.00501,0.00501
Delta,445,0.003069,0.003069,0.003069
Delta,446,0.017875,0.004714,0.004714
Delta,447,0.016764,0.016173,0.016173
Delta,448,0.044845,0.044845,0.044845
Delta,449,0.019132,0.019132,0.019132
Delta,450,0.006388,0.006388,0.006388
Delta,451,0.017094,0.017094,0.017094
Delta,452,0.00641,0.00641,0.00641
Delta,453,0.008954,0.008954,0.008954
Delta,454,0.010199,0.010202,0.010202
Delta,455,0.01827,0.015254,0.015254
Delta,456,0.080077,0.080089,0.080089
Delta,457,0.014191,0.014191,0.014191
Delta,458,0.004668,0.004668,0.004668
Delta,459,0.011382,0.006232,0.006232
Delta,460,0.011203,0.009402,0.009402
Delta,461,0.013976,0.013976,0.013976
Delta,462,0.004148,0.004148,0.004148
Delta,463,0.004964,0.004964,0.004964
Delta,464,0.009227,0.005677,0.005677
Delta,465,0.00445,0.00445,0.00445
Delta,466,0.010208,0.010208,0.010208
Delta,467,0.039807,0.044483,0.044483
Delta,468,0.009802,0.010075,0.010075
Delta,469,0.006797,0.006797,0.006797
Delta,470,0.003888,0.003888,0.003888
Delta,471,0.010124,0.01062,0.01062
Delta,472,0.008076,0.008076,0.008076
Delta,473,0.012131,0.012131,0.012131
Delta,474,0.007311,0.007311,0.007311
Delta,475,0.020814,0.024274,0.024274
Delta,476,0.050748,0.050766,0.050766
Delta,477,0.005376,0.005171,0.005171
Delta,478,0.003497,0.003463,0.003463
Delta,479,0.00361,0.00274,0.00274
Delta,480,0.000321,4.7e-05,4.7e-05
Delta,481,0.00237,0.00237,0.00237
Delta,482,0.003491,0.003491,0.003491
Delta,483,0.015034,0.014844,0.014844
Delta,484,0.04008,0.04008,0.04008
Delta,485,0.007656,0.004862,0.004862
Delta,486,0.024453,0.024453,0.024453
Delta,487,0.013734,0.013734,0.013734
Delta,488,0.001011,0.000758,0.000758
Delta,489,0.007785,0.007785,0.007785
Delta,490,0.0181,0.0181,0.0181
Delta,491,0.02298,0.022845,0.022845
Delta,492,0.077531,0.077401,0.077401
Delta,493,0.029227,0.029372,0.029372
Delta,494,0.029772,0.029772,0.029772
Delta,495,0.023465,0.016502,0.016502
Delta,496,0.006973,0.006973,0.006973
Delta,497,0.010912,0.010912,0.010912
Delta,498,0.008887,0.008887,0.008887
Delta,499,0.013992,0.013992,0.013992
Delta,500,0.015877,0.015877,0.015877
Delta,501,0.016437,0.016437,0.016437
Delta,502,0.000292,0.000292,0.000292
Delta,503,0.004303,0.004303,0.004303
Delta,504,0.008578,0.008232,0.008232
Delta,505,0.000345,0.000337,0.000337
Delta,506,0.028636,0.028636,0.028636
Delta,507,0.006955,0.007153,0.007153
Delta,508,0.019471,0.019471,0.019471
Delta,509,0.006482,0.005585,0.005585
Delta,510,0.124318,0.01692,0.01692
Delta,511,0.047712,0.047712,0.047712
Delta,512,0.048005,0.04237,0.04237
Delta,513,0.028473,0.034018,0.034018
Delta,514,0.004972,0.005313,0.005313
Delta,515,0.026521,0.026521,0.026521
Delta,516,0.009622,0.009712,0.009712
Delta,517,0.005683,0.005683,0.005683
Delta,518,0.005899,0.005899,0.005899
Delta,519,0.008499,0.008499,0.008499
Delta,520,0.003376,0.003376,0.003376
Delta,521,0.006942,0.007368,0.007368
Delta,522,0.003244,0.002297,0.002297
Delta,523,0.007369,0.004664,0.004664
Delta,524,0.01755,0.013989,0.014338
Delta,525,0.002783,0.002783,0.002783
Delta,526,0.003648,0.0025,0.0025
Delta,527,0.00669,0.007038,0.007038
Delta,528,0.003257,0.003257,0.003257
Delta,529,0.007309,0.007309,0.007309
Delta,530,0.012661,0.008491,0.008587
Delta,531,0.012479,0.006526,0.006526
